VenueConnect — SEO Pages: Near Me (All Gujarat),,,,,,,,,
  EVENT + NEAR ME PAGES,,,,,,,,,
Page Type,Page Title,URL Slug,Meta Title,Meta Description,H1 Tag,Target Keyword,Secondary Keywords,Search Intent,Priority
Event + Near Me,Wedding Venue Near Me in Gujarat | VenueConnect,/wedding-venue-near-me/,Wedding Venue Near Me in Gujarat | Find & Book Now - VenueConnect,Searching for wedding venue near you in Gujarat? VenueConnect shows top-rated wedding halls & spaces nearby. Compare & get instant quotes now.,Best Wedding Venues Near Me in Gujarat,wedding venue near me,"wedding hall near me, wedding venue nearby Gujarat, wedding venue near my location",Navigational / Local,Medium
Event + Near Me,Birthday Party Venue Near Me in Gujarat | VenueConnect,/birthday-party-venue-near-me/,Birthday Party Venue Near Me in Gujarat | Find & Book Now - VenueConnect,Searching for birthday party venue near you in Gujarat? VenueConnect shows top-rated birthday party halls & spaces nearby. Compare & get instant quotes now.,Best Birthday Party Venues Near Me in Gujarat,birthday party venue near me,"birthday party hall near me, birthday party venue nearby Gujarat, birthday party venue near my location",Navigational / Local,Medium
Event + Near Me,Engagement Venue Near Me in Gujarat | VenueConnect,/engagement-venue-near-me/,Engagement Venue Near Me in Gujarat | Find & Book Now - VenueConnect,Searching for engagement venue near you in Gujarat? VenueConnect shows top-rated engagement halls & spaces nearby. Compare & get instant quotes now.,Best Engagement Venues Near Me in Gujarat,engagement venue near me,"engagement hall near me, engagement venue nearby Gujarat, engagement venue near my location",Navigational / Local,Medium
Event + Near Me,Corporate Event Venue Near Me in Gujarat | VenueConnect,/corporate-event-venue-near-me/,Corporate Event Venue Near Me in Gujarat | Find & Book Now - VenueConnect,Searching for corporate event venue near you in Gujarat? VenueConnect shows top-rated corporate event halls & spaces nearby. Compare & get instant quotes now.,Best Corporate Event Venues Near Me in Gujarat,corporate event venue near me,"corporate event hall near me, corporate event venue nearby Gujarat, corporate event venue near my location",Navigational / Local,Medium
Event + Near Me,Reception Venue Near Me in Gujarat | VenueConnect,/reception-venue-near-me/,Reception Venue Near Me in Gujarat | Find & Book Now - VenueConnect,Searching for reception venue near you in Gujarat? VenueConnect shows top-rated reception halls & spaces nearby. Compare & get instant quotes now.,Best Reception Venues Near Me in Gujarat,reception venue near me,"reception hall near me, reception venue nearby Gujarat, reception venue near my location",Navigational / Local,Medium
Event + Near Me,Sangeet Ceremony Venue Near Me in Gujarat | VenueConnect,/sangeet-ceremony-venue-near-me/,Sangeet Ceremony Venue Near Me in Gujarat | Find & Book Now - VenueConnect,Searching for sangeet ceremony venue near you in Gujarat? VenueConnect shows top-rated sangeet ceremony halls & spaces nearby. Compare & get instant quotes now.,Best Sangeet Ceremony Venues Near Me in Gujarat,sangeet ceremony venue near me,"sangeet ceremony hall near me, sangeet ceremony venue nearby Gujarat, sangeet ceremony venue near my location",Navigational / Local,Medium
Event + Near Me,Garba Night Venue Near Me in Gujarat | VenueConnect,/garba-night-venue-near-me/,Garba Night Venue Near Me in Gujarat | Find & Book Now - VenueConnect,Searching for garba night venue near you in Gujarat? VenueConnect shows top-rated garba night halls & spaces nearby. Compare & get instant quotes now.,Best Garba Night Venues Near Me in Gujarat,garba night venue near me,"garba night hall near me, garba night venue nearby Gujarat, garba night venue near my location",Navigational / Local,Medium
Event + Near Me,Pool Party Venue Near Me in Gujarat | VenueConnect,/pool-party-venue-near-me/,Pool Party Venue Near Me in Gujarat | Find & Book Now - VenueConnect,Searching for pool party venue near you in Gujarat? VenueConnect shows top-rated pool party halls & spaces nearby. Compare & get instant quotes now.,Best Pool Party Venues Near Me in Gujarat,pool party venue near me,"pool party hall near me, pool party venue nearby Gujarat, pool party venue near my location",Navigational / Local,Medium
Event + Near Me,Kitty Party Venue Near Me in Gujarat | VenueConnect,/kitty-party-venue-near-me/,Kitty Party Venue Near Me in Gujarat | Find & Book Now - VenueConnect,Searching for kitty party venue near you in Gujarat? VenueConnect shows top-rated kitty party halls & spaces nearby. Compare & get instant quotes now.,Best Kitty Party Venues Near Me in Gujarat,kitty party venue near me,"kitty party hall near me, kitty party venue nearby Gujarat, kitty party venue near my location",Navigational / Local,Medium
Event + Near Me,Cocktail Party Venue Near Me in Gujarat | VenueConnect,/cocktail-party-venue-near-me/,Cocktail Party Venue Near Me in Gujarat | Find & Book Now - VenueConnect,Searching for cocktail party venue near you in Gujarat? VenueConnect shows top-rated cocktail party halls & spaces nearby. Compare & get instant quotes now.,Best Cocktail Party Venues Near Me in Gujarat,cocktail party venue near me,"cocktail party hall near me, cocktail party venue nearby Gujarat, cocktail party venue near my location",Navigational / Local,Medium
Event + Near Me,Baby Shower Venue Near Me in Gujarat | VenueConnect,/baby-shower-venue-near-me/,Baby Shower Venue Near Me in Gujarat | Find & Book Now - VenueConnect,Searching for baby shower venue near you in Gujarat? VenueConnect shows top-rated baby shower halls & spaces nearby. Compare & get instant quotes now.,Best Baby Shower Venues Near Me in Gujarat,baby shower venue near me,"baby shower hall near me, baby shower venue nearby Gujarat, baby shower venue near my location",Navigational / Local,Medium
Event + Near Me,Anniversary Party Venue Near Me in Gujarat | VenueConnect,/anniversary-party-venue-near-me/,Anniversary Party Venue Near Me in Gujarat | Find & Book Now - VenueConnect,Searching for anniversary party venue near you in Gujarat? VenueConnect shows top-rated anniversary party halls & spaces nearby. Compare & get instant quotes now.,Best Anniversary Party Venues Near Me in Gujarat,anniversary party venue near me,"anniversary party hall near me, anniversary party venue nearby Gujarat, anniversary party venue near my location",Navigational / Local,Medium
Event + Near Me,Farewell Party Venue Near Me in Gujarat | VenueConnect,/farewell-party-venue-near-me/,Farewell Party Venue Near Me in Gujarat | Find & Book Now - VenueConnect,Searching for farewell party venue near you in Gujarat? VenueConnect shows top-rated farewell party halls & spaces nearby. Compare & get instant quotes now.,Best Farewell Party Venues Near Me in Gujarat,farewell party venue near me,"farewell party hall near me, farewell party venue nearby Gujarat, farewell party venue near my location",Navigational / Local,Medium
Event + Near Me,Reunion Party Venue Near Me in Gujarat | VenueConnect,/reunion-party-venue-near-me/,Reunion Party Venue Near Me in Gujarat | Find & Book Now - VenueConnect,Searching for reunion party venue near you in Gujarat? VenueConnect shows top-rated reunion party halls & spaces nearby. Compare & get instant quotes now.,Best Reunion Party Venues Near Me in Gujarat,reunion party venue near me,"reunion party hall near me, reunion party venue nearby Gujarat, reunion party venue near my location",Navigational / Local,Medium
Event + Near Me,Product Launch Venue Near Me in Gujarat | VenueConnect,/product-launch-venue-near-me/,Product Launch Venue Near Me in Gujarat | Find & Book Now - VenueConnect,Searching for product launch venue near you in Gujarat? VenueConnect shows top-rated product launch halls & spaces nearby. Compare & get instant quotes now.,Best Product Launch Venues Near Me in Gujarat,product launch venue near me,"product launch hall near me, product launch venue nearby Gujarat, product launch venue near my location",Navigational / Local,Medium
Event + Near Me,Conference Venue Near Me in Gujarat | VenueConnect,/conference-venue-near-me/,Conference Venue Near Me in Gujarat | Find & Book Now - VenueConnect,Searching for conference venue near you in Gujarat? VenueConnect shows top-rated conference halls & spaces nearby. Compare & get instant quotes now.,Best Conference Venues Near Me in Gujarat,conference venue near me,"conference hall near me, conference venue nearby Gujarat, conference venue near my location",Navigational / Local,Medium
Event + Near Me,Seminar Venue Near Me in Gujarat | VenueConnect,/seminar-venue-near-me/,Seminar Venue Near Me in Gujarat | Find & Book Now - VenueConnect,Searching for seminar venue near you in Gujarat? VenueConnect shows top-rated seminar halls & spaces nearby. Compare & get instant quotes now.,Best Seminar Venues Near Me in Gujarat,seminar venue near me,"seminar hall near me, seminar venue nearby Gujarat, seminar venue near my location",Navigational / Local,Medium
Event + Near Me,Award Ceremony Venue Near Me in Gujarat | VenueConnect,/award-ceremony-venue-near-me/,Award Ceremony Venue Near Me in Gujarat | Find & Book Now - VenueConnect,Searching for award ceremony venue near you in Gujarat? VenueConnect shows top-rated award ceremony halls & spaces nearby. Compare & get instant quotes now.,Best Award Ceremony Venues Near Me in Gujarat,award ceremony venue near me,"award ceremony hall near me, award ceremony venue nearby Gujarat, award ceremony venue near my location",Navigational / Local,Medium
Event + Near Me,Walkin Interview Venue Near Me in Gujarat | VenueConnect,/walkin-interview-venue-near-me/,Walkin Interview Venue Near Me in Gujarat | Find & Book Now - VenueConnect,Searching for walkin interview venue near you in Gujarat? VenueConnect shows top-rated walkin interview halls & spaces nearby. Compare & get instant quotes now.,Best Walkin Interview Venues Near Me in Gujarat,walkin interview venue near me,"walkin interview hall near me, walkin interview venue nearby Gujarat, walkin interview venue near my location",Navigational / Local,Medium
Event + Near Me,Training Venue Near Me in Gujarat | VenueConnect,/training-venue-near-me/,Training Venue Near Me in Gujarat | Find & Book Now - VenueConnect,Searching for training venue near you in Gujarat? VenueConnect shows top-rated training halls & spaces nearby. Compare & get instant quotes now.,Best Training Venues Near Me in Gujarat,training venue near me,"training hall near me, training venue nearby Gujarat, training venue near my location",Navigational / Local,Medium
Event + Near Me,Team Outing Venue Near Me in Gujarat | VenueConnect,/team-outing-venue-near-me/,Team Outing Venue Near Me in Gujarat | Find & Book Now - VenueConnect,Searching for team outing venue near you in Gujarat? VenueConnect shows top-rated team outing halls & spaces nearby. Compare & get instant quotes now.,Best Team Outing Venues Near Me in Gujarat,team outing venue near me,"team outing hall near me, team outing venue nearby Gujarat, team outing venue near my location",Navigational / Local,Medium
Event + Near Me,Stage Event Venue Near Me in Gujarat | VenueConnect,/stage-event-venue-near-me/,Stage Event Venue Near Me in Gujarat | Find & Book Now - VenueConnect,Searching for stage event venue near you in Gujarat? VenueConnect shows top-rated stage event halls & spaces nearby. Compare & get instant quotes now.,Best Stage Event Venues Near Me in Gujarat,stage event venue near me,"stage event hall near me, stage event venue nearby Gujarat, stage event venue near my location",Navigational / Local,Medium
Event + Near Me,Ring Ceremony Venue Near Me in Gujarat | VenueConnect,/ring-ceremony-venue-near-me/,Ring Ceremony Venue Near Me in Gujarat | Find & Book Now - VenueConnect,Searching for ring ceremony venue near you in Gujarat? VenueConnect shows top-rated ring ceremony halls & spaces nearby. Compare & get instant quotes now.,Best Ring Ceremony Venues Near Me in Gujarat,ring ceremony venue near me,"ring ceremony hall near me, ring ceremony venue nearby Gujarat, ring ceremony venue near my location",Navigational / Local,Medium
Event + Near Me,Residential Conference Venue Near Me in Gujarat | VenueConnect,/residential-conference-venue-near-me/,Residential Conference Venue Near Me in Gujarat | Find & Book Now - VenueConnect,Searching for residential conference venue near you in Gujarat? VenueConnect shows top-rated residential conference halls & spaces nearby. Compare & get instant quotes now.,Best Residential Conference Venues Near Me in Gujarat,residential conference venue near me,"residential conference hall near me, residential conference venue nearby Gujarat, residential conference venue near my location",Navigational / Local,Medium
Event + Near Me,Pre Wedding Mehendi Party Venue Near Me in Gujarat | VenueConnect,/pre-wedding-mehendi-party-venue-near-me/,Pre Wedding Mehendi Party Venue Near Me in Gujarat | Find & Book Now - VenueConnect,Searching for pre wedding mehendi party venue near you in Gujarat? VenueConnect shows top-rated pre wedding mehendi party halls & spaces nearby. Compare & get instant quotes now.,Best Pre Wedding Mehendi Party Venues Near Me in Gujarat,pre wedding mehendi party venue near me,"pre wedding mehendi party hall near me, pre wedding mehendi party venue nearby Gujarat, pre wedding mehendi party venue near my location",Navigational / Local,Medium
Event + Near Me,Photo Shoots Venue Near Me in Gujarat | VenueConnect,/photo-shoots-venue-near-me/,Photo Shoots Venue Near Me in Gujarat | Find & Book Now - VenueConnect,Searching for photo shoots venue near you in Gujarat? VenueConnect shows top-rated photo shoots halls & spaces nearby. Compare & get instant quotes now.,Best Photo Shoots Venues Near Me in Gujarat,photo shoots venue near me,"photo shoots hall near me, photo shoots venue nearby Gujarat, photo shoots venue near my location",Navigational / Local,Medium
Event + Near Me,Naming Ceremony Venue Near Me in Gujarat | VenueConnect,/naming-ceremony-venue-near-me/,Naming Ceremony Venue Near Me in Gujarat | Find & Book Now - VenueConnect,Searching for naming ceremony venue near you in Gujarat? VenueConnect shows top-rated naming ceremony halls & spaces nearby. Compare & get instant quotes now.,Best Naming Ceremony Venues Near Me in Gujarat,naming ceremony venue near me,"naming ceremony hall near me, naming ceremony venue nearby Gujarat, naming ceremony venue near my location",Navigational / Local,Medium
Event + Near Me,Musical Concert Venue Near Me in Gujarat | VenueConnect,/musical-concert-venue-near-me/,Musical Concert Venue Near Me in Gujarat | Find & Book Now - VenueConnect,Searching for musical concert venue near you in Gujarat? VenueConnect shows top-rated musical concert halls & spaces nearby. Compare & get instant quotes now.,Best Musical Concert Venues Near Me in Gujarat,musical concert venue near me,"musical concert hall near me, musical concert venue nearby Gujarat, musical concert venue near my location",Navigational / Local,Medium
Event + Near Me,MICE Venue Near Me in Gujarat | VenueConnect,/mice-venue-near-me/,MICE Venue Near Me in Gujarat | Find & Book Now - VenueConnect,Searching for mice venue near you in Gujarat? VenueConnect shows top-rated mice halls & spaces nearby. Compare & get instant quotes now.,Best MICE Venues Near Me in Gujarat,mice venue near me,"mice hall near me, mice venue nearby Gujarat, mice venue near my location",Navigational / Local,Medium
Event + Near Me,Meeting Venue Near Me in Gujarat | VenueConnect,/meeting-venue-near-me/,Meeting Venue Near Me in Gujarat | Find & Book Now - VenueConnect,Searching for meeting venue near you in Gujarat? VenueConnect shows top-rated meeting halls & spaces nearby. Compare & get instant quotes now.,Best Meeting Venues Near Me in Gujarat,meeting venue near me,"meeting hall near me, meeting venue nearby Gujarat, meeting venue near my location",Navigational / Local,Medium
Event + Near Me,Kids Birthday Party Venue Near Me in Gujarat | VenueConnect,/kids-birthday-party-venue-near-me/,Kids Birthday Party Venue Near Me in Gujarat | Find & Book Now - VenueConnect,Searching for kids birthday party venue near you in Gujarat? VenueConnect shows top-rated kids birthday party halls & spaces nearby. Compare & get instant quotes now.,Best Kids Birthday Party Venues Near Me in Gujarat,kids birthday party venue near me,"kids birthday party hall near me, kids birthday party venue nearby Gujarat, kids birthday party venue near my location",Navigational / Local,Medium
Event + Near Me,Holi Party Venue Near Me in Gujarat | VenueConnect,/holi-party-venue-near-me/,Holi Party Venue Near Me in Gujarat | Find & Book Now - VenueConnect,Searching for holi party venue near you in Gujarat? VenueConnect shows top-rated holi party halls & spaces nearby. Compare & get instant quotes now.,Best Holi Party Venues Near Me in Gujarat,holi party venue near me,"holi party hall near me, holi party venue nearby Gujarat, holi party venue near my location",Navigational / Local,Medium
Event + Near Me,Group Dining Venue Near Me in Gujarat | VenueConnect,/group-dining-venue-near-me/,Group Dining Venue Near Me in Gujarat | Find & Book Now - VenueConnect,Searching for group dining venue near you in Gujarat? VenueConnect shows top-rated group dining halls & spaces nearby. Compare & get instant quotes now.,Best Group Dining Venues Near Me in Gujarat,group dining venue near me,"group dining hall near me, group dining venue nearby Gujarat, group dining venue near my location",Navigational / Local,Medium
Event + Near Me,Get Together Venue Near Me in Gujarat | VenueConnect,/get-together-venue-near-me/,Get Together Venue Near Me in Gujarat | Find & Book Now - VenueConnect,Searching for get together venue near you in Gujarat? VenueConnect shows top-rated get together halls & spaces nearby. Compare & get instant quotes now.,Best Get Together Venues Near Me in Gujarat,get together venue near me,"get together hall near me, get together venue nearby Gujarat, get together venue near my location",Navigational / Local,Medium
Event + Near Me,Game Watch Venue Near Me in Gujarat | VenueConnect,/game-watch-venue-near-me/,Game Watch Venue Near Me in Gujarat | Find & Book Now - VenueConnect,Searching for game watch venue near you in Gujarat? VenueConnect shows top-rated game watch halls & spaces nearby. Compare & get instant quotes now.,Best Game Watch Venues Near Me in Gujarat,game watch venue near me,"game watch hall near me, game watch venue nearby Gujarat, game watch venue near my location",Navigational / Local,Medium
Event + Near Me,Freshers Party Venue Near Me in Gujarat | VenueConnect,/freshers-party-venue-near-me/,Freshers Party Venue Near Me in Gujarat | Find & Book Now - VenueConnect,Searching for freshers party venue near you in Gujarat? VenueConnect shows top-rated freshers party halls & spaces nearby. Compare & get instant quotes now.,Best Freshers Party Venues Near Me in Gujarat,freshers party venue near me,"freshers party hall near me, freshers party venue nearby Gujarat, freshers party venue near my location",Navigational / Local,Medium
Event + Near Me,First Birthday Party Venue Near Me in Gujarat | VenueConnect,/first-birthday-party-venue-near-me/,First Birthday Party Venue Near Me in Gujarat | Find & Book Now - VenueConnect,Searching for first birthday party venue near you in Gujarat? VenueConnect shows top-rated first birthday party halls & spaces nearby. Compare & get instant quotes now.,Best First Birthday Party Venues Near Me in Gujarat,first birthday party venue near me,"first birthday party hall near me, first birthday party venue nearby Gujarat, first birthday party venue near my location",Navigational / Local,Medium
Event + Near Me,Fashion Show Venue Near Me in Gujarat | VenueConnect,/fashion-show-venue-near-me/,Fashion Show Venue Near Me in Gujarat | Find & Book Now - VenueConnect,Searching for fashion show venue near you in Gujarat? VenueConnect shows top-rated fashion show halls & spaces nearby. Compare & get instant quotes now.,Best Fashion Show Venues Near Me in Gujarat,fashion show venue near me,"fashion show hall near me, fashion show venue nearby Gujarat, fashion show venue near my location",Navigational / Local,Medium
Event + Near Me,Family Function Venue Near Me in Gujarat | VenueConnect,/family-function-venue-near-me/,Family Function Venue Near Me in Gujarat | Find & Book Now - VenueConnect,Searching for family function venue near you in Gujarat? VenueConnect shows top-rated family function halls & spaces nearby. Compare & get instant quotes now.,Best Family Function Venues Near Me in Gujarat,family function venue near me,"family function hall near me, family function venue nearby Gujarat, family function venue near my location",Navigational / Local,Medium
Event + Near Me,Exhibition Venue Near Me in Gujarat | VenueConnect,/exhibition-venue-near-me/,Exhibition Venue Near Me in Gujarat | Find & Book Now - VenueConnect,Searching for exhibition venue near you in Gujarat? VenueConnect shows top-rated exhibition halls & spaces nearby. Compare & get instant quotes now.,Best Exhibition Venues Near Me in Gujarat,exhibition venue near me,"exhibition hall near me, exhibition venue nearby Gujarat, exhibition venue near my location",Navigational / Local,Medium
Event + Near Me,Corporate Training Venue Near Me in Gujarat | VenueConnect,/corporate-training-venue-near-me/,Corporate Training Venue Near Me in Gujarat | Find & Book Now - VenueConnect,Searching for corporate training venue near you in Gujarat? VenueConnect shows top-rated corporate training halls & spaces nearby. Compare & get instant quotes now.,Best Corporate Training Venues Near Me in Gujarat,corporate training venue near me,"corporate training hall near me, corporate training venue nearby Gujarat, corporate training venue near my location",Navigational / Local,Medium
Event + Near Me,Corporate Party Venue Near Me in Gujarat | VenueConnect,/corporate-party-venue-near-me/,Corporate Party Venue Near Me in Gujarat | Find & Book Now - VenueConnect,Searching for corporate party venue near you in Gujarat? VenueConnect shows top-rated corporate party halls & spaces nearby. Compare & get instant quotes now.,Best Corporate Party Venues Near Me in Gujarat,corporate party venue near me,"corporate party hall near me, corporate party venue nearby Gujarat, corporate party venue near my location",Navigational / Local,Medium
Event + Near Me,Corporate Offsite Venue Near Me in Gujarat | VenueConnect,/corporate-offsite-venue-near-me/,Corporate Offsite Venue Near Me in Gujarat | Find & Book Now - VenueConnect,Searching for corporate offsite venue near you in Gujarat? VenueConnect shows top-rated corporate offsite halls & spaces nearby. Compare & get instant quotes now.,Best Corporate Offsite Venues Near Me in Gujarat,corporate offsite venue near me,"corporate offsite hall near me, corporate offsite venue nearby Gujarat, corporate offsite venue near my location",Navigational / Local,Medium
Event + Near Me,Cocktail Dinner Venue Near Me in Gujarat | VenueConnect,/cocktail-dinner-venue-near-me/,Cocktail Dinner Venue Near Me in Gujarat | Find & Book Now - VenueConnect,Searching for cocktail dinner venue near you in Gujarat? VenueConnect shows top-rated cocktail dinner halls & spaces nearby. Compare & get instant quotes now.,Best Cocktail Dinner Venues Near Me in Gujarat,cocktail dinner venue near me,"cocktail dinner hall near me, cocktail dinner venue nearby Gujarat, cocktail dinner venue near my location",Navigational / Local,Medium
Event + Near Me,Class Reunion Venue Near Me in Gujarat | VenueConnect,/class-reunion-venue-near-me/,Class Reunion Venue Near Me in Gujarat | Find & Book Now - VenueConnect,Searching for class reunion venue near you in Gujarat? VenueConnect shows top-rated class reunion halls & spaces nearby. Compare & get instant quotes now.,Best Class Reunion Venues Near Me in Gujarat,class reunion venue near me,"class reunion hall near me, class reunion venue nearby Gujarat, class reunion venue near my location",Navigational / Local,Medium
Event + Near Me,Christian Communion Venue Near Me in Gujarat | VenueConnect,/christian-communion-venue-near-me/,Christian Communion Venue Near Me in Gujarat | Find & Book Now - VenueConnect,Searching for christian communion venue near you in Gujarat? VenueConnect shows top-rated christian communion halls & spaces nearby. Compare & get instant quotes now.,Best Christian Communion Venues Near Me in Gujarat,christian communion venue near me,"christian communion hall near me, christian communion venue nearby Gujarat, christian communion venue near my location",Navigational / Local,Medium
Event + Near Me,Childrens Party Venue Near Me in Gujarat | VenueConnect,/childrens-party-venue-near-me/,Childrens Party Venue Near Me in Gujarat | Find & Book Now - VenueConnect,Searching for childrens party venue near you in Gujarat? VenueConnect shows top-rated childrens party halls & spaces nearby. Compare & get instant quotes now.,Best Childrens Party Venues Near Me in Gujarat,childrens party venue near me,"childrens party hall near me, childrens party venue nearby Gujarat, childrens party venue near my location",Navigational / Local,Medium
Event + Near Me,Business Dinner Venue Near Me in Gujarat | VenueConnect,/business-dinner-venue-near-me/,Business Dinner Venue Near Me in Gujarat | Find & Book Now - VenueConnect,Searching for business dinner venue near you in Gujarat? VenueConnect shows top-rated business dinner halls & spaces nearby. Compare & get instant quotes now.,Best Business Dinner Venues Near Me in Gujarat,business dinner venue near me,"business dinner hall near me, business dinner venue nearby Gujarat, business dinner venue near my location",Navigational / Local,Medium
Event + Near Me,Bridal Shower Venue Near Me in Gujarat | VenueConnect,/bridal-shower-venue-near-me/,Bridal Shower Venue Near Me in Gujarat | Find & Book Now - VenueConnect,Searching for bridal shower venue near you in Gujarat? VenueConnect shows top-rated bridal shower halls & spaces nearby. Compare & get instant quotes now.,Best Bridal Shower Venues Near Me in Gujarat,bridal shower venue near me,"bridal shower hall near me, bridal shower venue nearby Gujarat, bridal shower venue near my location",Navigational / Local,Medium
Event + Near Me,Brand Promotion Venue Near Me in Gujarat | VenueConnect,/brand-promotion-venue-near-me/,Brand Promotion Venue Near Me in Gujarat | Find & Book Now - VenueConnect,Searching for brand promotion venue near you in Gujarat? VenueConnect shows top-rated brand promotion halls & spaces nearby. Compare & get instant quotes now.,Best Brand Promotion Venues Near Me in Gujarat,brand promotion venue near me,"brand promotion hall near me, brand promotion venue nearby Gujarat, brand promotion venue near my location",Navigational / Local,Medium
Event + Near Me,Bachelor Party Venue Near Me in Gujarat | VenueConnect,/bachelor-party-venue-near-me/,Bachelor Party Venue Near Me in Gujarat | Find & Book Now - VenueConnect,Searching for bachelor party venue near you in Gujarat? VenueConnect shows top-rated bachelor party halls & spaces nearby. Compare & get instant quotes now.,Best Bachelor Party Venues Near Me in Gujarat,bachelor party venue near me,"bachelor party hall near me, bachelor party venue nearby Gujarat, bachelor party venue near my location",Navigational / Local,Medium
Event + Near Me,Aqueeqa Ceremony Venue Near Me in Gujarat | VenueConnect,/aqueeqa-ceremony-venue-near-me/,Aqueeqa Ceremony Venue Near Me in Gujarat | Find & Book Now - VenueConnect,Searching for aqueeqa ceremony venue near you in Gujarat? VenueConnect shows top-rated aqueeqa ceremony halls & spaces nearby. Compare & get instant quotes now.,Best Aqueeqa Ceremony Venues Near Me in Gujarat,aqueeqa ceremony venue near me,"aqueeqa ceremony hall near me, aqueeqa ceremony venue nearby Gujarat, aqueeqa ceremony venue near my location",Navigational / Local,Medium
Event + Near Me,Annual Fest Venue Near Me in Gujarat | VenueConnect,/annual-fest-venue-near-me/,Annual Fest Venue Near Me in Gujarat | Find & Book Now - VenueConnect,Searching for annual fest venue near you in Gujarat? VenueConnect shows top-rated annual fest halls & spaces nearby. Compare & get instant quotes now.,Best Annual Fest Venues Near Me in Gujarat,annual fest venue near me,"annual fest hall near me, annual fest venue nearby Gujarat, annual fest venue near my location",Navigational / Local,Medium
Event + Near Me,Adventure Party Venue Near Me in Gujarat | VenueConnect,/adventure-party-venue-near-me/,Adventure Party Venue Near Me in Gujarat | Find & Book Now - VenueConnect,Searching for adventure party venue near you in Gujarat? VenueConnect shows top-rated adventure party halls & spaces nearby. Compare & get instant quotes now.,Best Adventure Party Venues Near Me in Gujarat,adventure party venue near me,"adventure party hall near me, adventure party venue nearby Gujarat, adventure party venue near my location",Navigational / Local,Medium
Event + Near Me,Haldi Ceremony Venue Near Me in Gujarat | VenueConnect,/haldi-ceremony-venue-near-me/,Haldi Ceremony Venue Near Me in Gujarat | Find & Book Now - VenueConnect,Searching for haldi ceremony venue near you in Gujarat? VenueConnect shows top-rated haldi ceremony halls & spaces nearby. Compare & get instant quotes now.,Best Haldi Ceremony Venues Near Me in Gujarat,haldi ceremony venue near me,"haldi ceremony hall near me, haldi ceremony venue nearby Gujarat, haldi ceremony venue near my location",Navigational / Local,Medium
  VENDOR + NEAR ME PAGES,,,,,,,,,
Page Type,Page Title,URL Slug,Meta Title,Meta Description,H1 Tag,Target Keyword,Secondary Keywords,Search Intent,Priority
Vendor + Near Me,Photographers Near Me in Gujarat | VenueConnect,/photographers-near-me/,Photographers Near Me in Gujarat | Compare & Hire - VenueConnect,"Find top photographers near your location in Gujarat. Browse verified photographers profiles, compare pricing & hire instantly on VenueConnect.",Top Photographers Near Me in Gujarat,photographers near me,"photographers nearby, best photographers near me, photographers near my location Gujarat",Local / Transactional,Medium
Vendor + Near Me,Caterers Near Me in Gujarat | VenueConnect,/caterers-near-me/,Caterers Near Me in Gujarat | Compare & Hire - VenueConnect,"Find top caterers near your location in Gujarat. Browse verified caterers profiles, compare pricing & hire instantly on VenueConnect.",Top Caterers Near Me in Gujarat,caterers near me,"caterers nearby, best caterers near me, caterers near my location Gujarat",Local / Transactional,Medium
Vendor + Near Me,Decorators Near Me in Gujarat | VenueConnect,/decorators-near-me/,Decorators Near Me in Gujarat | Compare & Hire - VenueConnect,"Find top decorators near your location in Gujarat. Browse verified decorators profiles, compare pricing & hire instantly on VenueConnect.",Top Decorators Near Me in Gujarat,decorators near me,"decorators nearby, best decorators near me, decorators near my location Gujarat",Local / Transactional,Medium
Vendor + Near Me,Mehndi Artists Near Me in Gujarat | VenueConnect,/mehndi-artists-near-me/,Mehndi Artists Near Me in Gujarat | Compare & Hire - VenueConnect,"Find top mehndi artists near your location in Gujarat. Browse verified mehndi artists profiles, compare pricing & hire instantly on VenueConnect.",Top Mehndi Artists Near Me in Gujarat,mehndi artists near me,"mehndi artists nearby, best mehndi artists near me, mehndi artists near my location Gujarat",Local / Transactional,Medium
Vendor + Near Me,DJs Near Me in Gujarat | VenueConnect,/djs-near-me/,DJs Near Me in Gujarat | Compare & Hire - VenueConnect,"Find top djs near your location in Gujarat. Browse verified djs profiles, compare pricing & hire instantly on VenueConnect.",Top DJs Near Me in Gujarat,djs near me,"djs nearby, best djs near me, djs near my location Gujarat",Local / Transactional,Medium
Vendor + Near Me,Bands Near Me in Gujarat | VenueConnect,/bands-near-me/,Bands Near Me in Gujarat | Compare & Hire - VenueConnect,"Find top bands near your location in Gujarat. Browse verified bands profiles, compare pricing & hire instantly on VenueConnect.",Top Bands Near Me in Gujarat,bands near me,"bands nearby, best bands near me, bands near my location Gujarat",Local / Transactional,Medium
Vendor + Near Me,Event Planners Near Me in Gujarat | VenueConnect,/event-planners-near-me/,Event Planners Near Me in Gujarat | Compare & Hire - VenueConnect,"Find top event planners near your location in Gujarat. Browse verified event planners profiles, compare pricing & hire instantly on VenueConnect.",Top Event Planners Near Me in Gujarat,event planners near me,"event planners nearby, best event planners near me, event planners near my location Gujarat",Local / Transactional,Medium
Vendor + Near Me,Bridal Wear Near Me in Gujarat | VenueConnect,/bridal-wear-near-me/,Bridal Wear Near Me in Gujarat | Compare & Hire - VenueConnect,"Find top bridal wear near your location in Gujarat. Browse verified bridal wear profiles, compare pricing & hire instantly on VenueConnect.",Top Bridal Wear Near Me in Gujarat,bridal wear near me,"bridal wear nearby, best bridal wear near me, bridal wear near my location Gujarat",Local / Transactional,Medium
Vendor + Near Me,Makeup Artists Near Me in Gujarat | VenueConnect,/makeup-artists-near-me/,Makeup Artists Near Me in Gujarat | Compare & Hire - VenueConnect,"Find top makeup artists near your location in Gujarat. Browse verified makeup artists profiles, compare pricing & hire instantly on VenueConnect.",Top Makeup Artists Near Me in Gujarat,makeup artists near me,"makeup artists nearby, best makeup artists near me, makeup artists near my location Gujarat",Local / Transactional,Medium
Vendor + Near Me,Florists Near Me in Gujarat | VenueConnect,/florists-near-me/,Florists Near Me in Gujarat | Compare & Hire - VenueConnect,"Find top florists near your location in Gujarat. Browse verified florists profiles, compare pricing & hire instantly on VenueConnect.",Top Florists Near Me in Gujarat,florists near me,"florists nearby, best florists near me, florists near my location Gujarat",Local / Transactional,Medium
Vendor + Near Me,Videographers Near Me in Gujarat | VenueConnect,/videographers-near-me/,Videographers Near Me in Gujarat | Compare & Hire - VenueConnect,"Find top videographers near your location in Gujarat. Browse verified videographers profiles, compare pricing & hire instantly on VenueConnect.",Top Videographers Near Me in Gujarat,videographers near me,"videographers nearby, best videographers near me, videographers near my location Gujarat",Local / Transactional,Medium
Vendor + Near Me,Wedding Planners Near Me in Gujarat | VenueConnect,/wedding-planners-near-me/,Wedding Planners Near Me in Gujarat | Compare & Hire - VenueConnect,"Find top wedding planners near your location in Gujarat. Browse verified wedding planners profiles, compare pricing & hire instantly on VenueConnect.",Top Wedding Planners Near Me in Gujarat,wedding planners near me,"wedding planners nearby, best wedding planners near me, wedding planners near my location Gujarat",Local / Transactional,Medium
Vendor + Near Me,Tent Houses Near Me in Gujarat | VenueConnect,/tent-houses-near-me/,Tent Houses Near Me in Gujarat | Compare & Hire - VenueConnect,"Find top tent houses near your location in Gujarat. Browse verified tent houses profiles, compare pricing & hire instantly on VenueConnect.",Top Tent Houses Near Me in Gujarat,tent houses near me,"tent houses nearby, best tent houses near me, tent houses near my location Gujarat",Local / Transactional,Medium
Vendor + Near Me,Choreographers Near Me in Gujarat | VenueConnect,/choreographers-near-me/,Choreographers Near Me in Gujarat | Compare & Hire - VenueConnect,"Find top choreographers near your location in Gujarat. Browse verified choreographers profiles, compare pricing & hire instantly on VenueConnect.",Top Choreographers Near Me in Gujarat,choreographers near me,"choreographers nearby, best choreographers near me, choreographers near my location Gujarat",Local / Transactional,Medium
Vendor + Near Me,Invitation Cards Near Me in Gujarat | VenueConnect,/invitation-cards-near-me/,Invitation Cards Near Me in Gujarat | Compare & Hire - VenueConnect,"Find top invitation cards near your location in Gujarat. Browse verified invitation cards profiles, compare pricing & hire instantly on VenueConnect.",Top Invitation Cards Near Me in Gujarat,invitation cards near me,"invitation cards nearby, best invitation cards near me, invitation cards near my location Gujarat",Local / Transactional,Medium
Vendor + Near Me,Cake Shops Near Me in Gujarat | VenueConnect,/cake-shops-near-me/,Cake Shops Near Me in Gujarat | Compare & Hire - VenueConnect,"Find top cake shops near your location in Gujarat. Browse verified cake shops profiles, compare pricing & hire instantly on VenueConnect.",Top Cake Shops Near Me in Gujarat,cake shops near me,"cake shops nearby, best cake shops near me, cake shops near my location Gujarat",Local / Transactional,Medium
Vendor + Near Me,Jewellers Near Me in Gujarat | VenueConnect,/jewellers-near-me/,Jewellers Near Me in Gujarat | Compare & Hire - VenueConnect,"Find top jewellers near your location in Gujarat. Browse verified jewellers profiles, compare pricing & hire instantly on VenueConnect.",Top Jewellers Near Me in Gujarat,jewellers near me,"jewellers nearby, best jewellers near me, jewellers near my location Gujarat",Local / Transactional,Medium
Vendor + Near Me,Astrologers Near Me in Gujarat | VenueConnect,/astrologers-near-me/,Astrologers Near Me in Gujarat | Compare & Hire - VenueConnect,"Find top astrologers near your location in Gujarat. Browse verified astrologers profiles, compare pricing & hire instantly on VenueConnect.",Top Astrologers Near Me in Gujarat,astrologers near me,"astrologers nearby, best astrologers near me, astrologers near my location Gujarat",Local / Transactional,Medium
Vendor + Near Me,Magicians Near Me in Gujarat | VenueConnect,/magicians-near-me/,Magicians Near Me in Gujarat | Compare & Hire - VenueConnect,"Find top magicians near your location in Gujarat. Browse verified magicians profiles, compare pricing & hire instantly on VenueConnect.",Top Magicians Near Me in Gujarat,magicians near me,"magicians nearby, best magicians near me, magicians near my location Gujarat",Local / Transactional,Medium
Vendor + Near Me,Entertainers Near Me in Gujarat | VenueConnect,/entertainers-near-me/,Entertainers Near Me in Gujarat | Compare & Hire - VenueConnect,"Find top entertainers near your location in Gujarat. Browse verified entertainers profiles, compare pricing & hire instantly on VenueConnect.",Top Entertainers Near Me in Gujarat,entertainers near me,"entertainers nearby, best entertainers near me, entertainers near my location Gujarat",Local / Transactional,Medium
Vendor + Near Me,Groom Wear Near Me in Gujarat | VenueConnect,/groom-wear-near-me/,Groom Wear Near Me in Gujarat | Compare & Hire - VenueConnect,"Find top groom wear near your location in Gujarat. Browse verified groom wear profiles, compare pricing & hire instantly on VenueConnect.",Top Groom Wear Near Me in Gujarat,groom wear near me,"groom wear nearby, best groom wear near me, groom wear near my location Gujarat",Local / Transactional,Medium
Vendor + Near Me,Wedding Photographers Near Me in Gujarat | VenueConnect,/wedding-photographers-near-me/,Wedding Photographers Near Me in Gujarat | Compare & Hire - VenueConnect,"Find top wedding photographers near your location in Gujarat. Browse verified wedding photographers profiles, compare pricing & hire instantly on VenueConnect.",Top Wedding Photographers Near Me in Gujarat,wedding photographers near me,"wedding photographers nearby, best wedding photographers near me, wedding photographers near my location Gujarat",Local / Transactional,Medium
  VENUE TYPE + NEAR ME PAGES,,,,,,,,,
Page Type,Page Title,URL Slug,Meta Title,Meta Description,H1 Tag,Target Keyword,Secondary Keywords,Search Intent,Priority
Venue + Near Me,Banquet Halls Near Me in Gujarat | VenueConnect,/banquet-halls-near-me/,Banquet Halls Near Me in Gujarat | Compare & Book - VenueConnect,"Looking for banquet halls near you in Gujarat? Browse top-rated banquet halls with pricing, capacity & photos. Find the perfect venue near you on VenueConnect.",Best Banquet Halls Near Me in Gujarat,banquet halls near me,"banquet halls nearby Gujarat, affordable banquet halls near me, banquet halls near my location",Local / Transactional,Medium
Venue + Near Me,Farmhouses Near Me in Gujarat | VenueConnect,/farmhouses-near-me/,Farmhouses Near Me in Gujarat | Compare & Book - VenueConnect,"Looking for farmhouses near you in Gujarat? Browse top-rated farmhouses with pricing, capacity & photos. Find the perfect venue near you on VenueConnect.",Best Farmhouses Near Me in Gujarat,farmhouses near me,"farmhouses nearby Gujarat, affordable farmhouses near me, farmhouses near my location",Local / Transactional,Medium
Venue + Near Me,Party Plots Near Me in Gujarat | VenueConnect,/party-plots-near-me/,Party Plots Near Me in Gujarat | Compare & Book - VenueConnect,"Looking for party plots near you in Gujarat? Browse top-rated party plots with pricing, capacity & photos. Find the perfect venue near you on VenueConnect.",Best Party Plots Near Me in Gujarat,party plots near me,"party plots nearby Gujarat, affordable party plots near me, party plots near my location",Local / Transactional,Medium
Venue + Near Me,Hotels Near Me in Gujarat | VenueConnect,/hotels-near-me/,Hotels Near Me in Gujarat | Compare & Book - VenueConnect,"Looking for hotels near you in Gujarat? Browse top-rated hotels with pricing, capacity & photos. Find the perfect venue near you on VenueConnect.",Best Hotels Near Me in Gujarat,hotels near me,"hotels nearby Gujarat, affordable hotels near me, hotels near my location",Local / Transactional,Medium
Venue + Near Me,Resorts Near Me in Gujarat | VenueConnect,/resorts-near-me/,Resorts Near Me in Gujarat | Compare & Book - VenueConnect,"Looking for resorts near you in Gujarat? Browse top-rated resorts with pricing, capacity & photos. Find the perfect venue near you on VenueConnect.",Best Resorts Near Me in Gujarat,resorts near me,"resorts nearby Gujarat, affordable resorts near me, resorts near my location",Local / Transactional,Medium
Venue + Near Me,Restaurants Near Me in Gujarat | VenueConnect,/restaurants-near-me/,Restaurants Near Me in Gujarat | Compare & Book - VenueConnect,"Looking for restaurants near you in Gujarat? Browse top-rated restaurants with pricing, capacity & photos. Find the perfect venue near you on VenueConnect.",Best Restaurants Near Me in Gujarat,restaurants near me,"restaurants nearby Gujarat, affordable restaurants near me, restaurants near my location",Local / Transactional,Medium
Venue + Near Me,Convention Centers Near Me in Gujarat | VenueConnect,/convention-centers-near-me/,Convention Centers Near Me in Gujarat | Compare & Book - VenueConnect,"Looking for convention centers near you in Gujarat? Browse top-rated convention centers with pricing, capacity & photos. Find the perfect venue near you on VenueConnect.",Best Convention Centers Near Me in Gujarat,convention centers near me,"convention centers nearby Gujarat, affordable convention centers near me, convention centers near my location",Local / Transactional,Medium
Venue + Near Me,Clubs Near Me in Gujarat | VenueConnect,/clubs-near-me/,Clubs Near Me in Gujarat | Compare & Book - VenueConnect,"Looking for clubs near you in Gujarat? Browse top-rated clubs with pricing, capacity & photos. Find the perfect venue near you on VenueConnect.",Best Clubs Near Me in Gujarat,clubs near me,"clubs nearby Gujarat, affordable clubs near me, clubs near my location",Local / Transactional,Medium
Venue + Near Me,Rooftop Venues Near Me in Gujarat | VenueConnect,/rooftop-venues-near-me/,Rooftop Venues Near Me in Gujarat | Compare & Book - VenueConnect,"Looking for rooftop venues near you in Gujarat? Browse top-rated rooftop venues with pricing, capacity & photos. Find the perfect venue near you on VenueConnect.",Best Rooftop Venues Near Me in Gujarat,rooftop venues near me,"rooftop venues nearby Gujarat, affordable rooftop venues near me, rooftop venues near my location",Local / Transactional,Medium
Venue + Near Me,Garden Venues Near Me in Gujarat | VenueConnect,/garden-venues-near-me/,Garden Venues Near Me in Gujarat | Compare & Book - VenueConnect,"Looking for garden venues near you in Gujarat? Browse top-rated garden venues with pricing, capacity & photos. Find the perfect venue near you on VenueConnect.",Best Garden Venues Near Me in Gujarat,garden venues near me,"garden venues nearby Gujarat, affordable garden venues near me, garden venues near my location",Local / Transactional,Medium
Venue + Near Me,Heritage Venues Near Me in Gujarat | VenueConnect,/heritage-venues-near-me/,Heritage Venues Near Me in Gujarat | Compare & Book - VenueConnect,"Looking for heritage venues near you in Gujarat? Browse top-rated heritage venues with pricing, capacity & photos. Find the perfect venue near you on VenueConnect.",Best Heritage Venues Near Me in Gujarat,heritage venues near me,"heritage venues nearby Gujarat, affordable heritage venues near me, heritage venues near my location",Local / Transactional,Medium
Venue + Near Me,Luxury Venues Near Me in Gujarat | VenueConnect,/luxury-venues-near-me/,Luxury Venues Near Me in Gujarat | Compare & Book - VenueConnect,"Looking for luxury venues near you in Gujarat? Browse top-rated luxury venues with pricing, capacity & photos. Find the perfect venue near you on VenueConnect.",Best Luxury Venues Near Me in Gujarat,luxury venues near me,"luxury venues nearby Gujarat, affordable luxury venues near me, luxury venues near my location",Local / Transactional,Medium
,,,,,,,,,
,,,,,,,,,
,,,,,,,,,
,,,,,,,,,
,,,,,,,,,
,,,,,,,,,
,,,,,,,,,
,,,,,,,,,
,,,,,,,,,
,,,,,,,,,
,,,,,,,,,
,,,,,,,,,
,,,,,,,,,
,,,,,,,,,
,,,,,,,,,
,,,,,,,,,
,,,,,,,,,
,,,,,,,,,
,,,,,,,,,
,,,,,,,,,
,,,,,,,,,
,,,,,,,,,
,,,,,,,,,
,,,,,,,,,
,,,,,,,,,
,,,,,,,,,
,,,,,,,,,
,,,,,,,,,
,,,,,,,,,
,,,,,,,,,
,,,,,,,,,
,,,,,,,,,
,,,,,,,,,
,,,,,,,,,
,,,,,,,,,
,,,,,,,,,
,,,,,,,,,
,,,,,,,,,
,,,,,,,,,
,,,,,,,,,
,,,,,,,,,
,,,,,,,,,
,,,,,,,,,
,,,,,,,,,
,,,,,,,,,
,,,,,,,,,
,,,,,,,,,
,,,,,,,,,
,,,,,,,,,
,,,,,,,,,
,,,,,,,,,
,,,,,,,,,
,,,,,,,,,
,,,,,,,,,
,,,,,,,,,
,,,,,,,,,
,,,,,,,,,
,,,,,,,,,
,,,,,,,,,
,,,,,,,,,
,,,,,,,,,
,,,,,,,,,
,,,,,,,,,
,,,,,,,,,
,,,,,,,,,
,,,,,,,,,
,,,,,,,,,
,,,,,,,,,
,,,,,,,,,
,,,,,,,,,
,,,,,,,,,
,,,,,,,,,
,,,,,,,,,
,,,,,,,,,
,,,,,,,,,
,,,,,,,,,
,,,,,,,,,
,,,,,,,,,
,,,,,,,,,
,,,,,,,,,
,,,,,,,,,
,,,,,,,,,
,,,,,,,,,
,,,,,,,,,
,,,,,,,,,
,,,,,,,,,
,,,,,,,,,
,,,,,,,,,
,,,,,,,,,
,,,,,,,,,
,,,,,,,,,
,,,,,,,,,
,,,,,,,,,
,,,,,,,,,
,,,,,,,,,
,,,,,,,,,
,,,,,,,,,
,,,,,,,,,
,,,,,,,,,
,,,,,,,,,
,,,,,,,,,
,,,,,,,,,
,,,,,,,,,
,,,,,,,,,
,,,,,,,,,
,,,,,,,,,
,,,,,,,,,
,,,,,,,,,
,,,,,,,,,
,,,,,,,,,
,,,,,,,,,
,,,,,,,,,
,,,,,,,,,
,,,,,,,,,
,,,,,,,,,
,,,,,,,,,
,,,,,,,,,
,,,,,,,,,
,,,,,,,,,
,,,,,,,,,
,,,,,,,,,
,,,,,,,,,
,,,,,,,,,
,,,,,,,,,
,,,,,,,,,
,,,,,,,,,
,,,,,,,,,
,,,,,,,,,
,,,,,,,,,
,,,,,,,,,
,,,,,,,,,
,,,,,,,,,
,,,,,,,,,
,,,,,,,,,
,,,,,,,,,
,,,,,,,,,
,,,,,,,,,
,,,,,,,,,
,,,,,,,,,
,,,,,,,,,
,,,,,,,,,
,,,,,,,,,
,,,,,,,,,
,,,,,,,,,
,,,,,,,,,
,,,,,,,,,
,,,,,,,,,
,,,,,,,,,
,,,,,,,,,
,,,,,,,,,
,,,,,,,,,
,,,,,,,,,
,,,,,,,,,
,,,,,,,,,
,,,,,,,,,
,,,,,,,,,
,,,,,,,,,
,,,,,,,,,
,,,,,,,,,
,,,,,,,,,
,,,,,,,,,
,,,,,,,,,
,,,,,,,,,
,,,,,,,,,
,,,,,,,,,
,,,,,,,,,
,,,,,,,,,
,,,,,,,,,
,,,,,,,,,
,,,,,,,,,
,,,,,,,,,
,,,,,,,,,
,,,,,,,,,
,,,,,,,,,
,,,,,,,,,
,,,,,,,,,
,,,,,,,,,
,,,,,,,,,
,,,,,,,,,
,,,,,,,,,
,,,,,,,,,
,,,,,,,,,
,,,,,,,,,
,,,,,,,,,
,,,,,,,,,
,,,,,,,,,
,,,,,,,,,
,,,,,,,,,
,,,,,,,,,
,,,,,,,,,
,,,,,,,,,
,,,,,,,,,
,,,,,,,,,
,,,,,,,,,
,,,,,,,,,
,,,,,,,,,
,,,,,,,,,
,,,,,,,,,
,,,,,,,,,
,,,,,,,,,
,,,,,,,,,
,,,,,,,,,
,,,,,,,,,
,,,,,,,,,
,,,,,,,,,
,,,,,,,,,
,,,,,,,,,
,,,,,,,,,
,,,,,,,,,
,,,,,,,,,
,,,,,,,,,
,,,,,,,,,
,,,,,,,,,
,,,,,,,,,
,,,,,,,,,
,,,,,,,,,
,,,,,,,,,
,,,,,,,,,
,,,,,,,,,
,,,,,,,,,
,,,,,,,,,
,,,,,,,,,
,,,,,,,,,
,,,,,,,,,
,,,,,,,,,
,,,,,,,,,
,,,,,,,,,
,,,,,,,,,
,,,,,,,,,
,,,,,,,,,
,,,,,,,,,
,,,,,,,,,
,,,,,,,,,
,,,,,,,,,
,,,,,,,,,
,,,,,,,,,
,,,,,,,,,
,,,,,,,,,
,,,,,,,,,
,,,,,,,,,
,,,,,,,,,
,,,,,,,,,
,,,,,,,,,
,,,,,,,,,
,,,,,,,,,
,,,,,,,,,
,,,,,,,,,
,,,,,,,,,
,,,,,,,,,
,,,,,,,,,
,,,,,,,,,
,,,,,,,,,
,,,,,,,,,
,,,,,,,,,
,,,,,,,,,
,,,,,,,,,
,,,,,,,,,
,,,,,,,,,
,,,,,,,,,
,,,,,,,,,
,,,,,,,,,
,,,,,,,,,
,,,,,,,,,
,,,,,,,,,
,,,,,,,,,
,,,,,,,,,
,,,,,,,,,
,,,,,,,,,
,,,,,,,,,
,,,,,,,,,
,,,,,,,,,
,,,,,,,,,
,,,,,,,,,
,,,,,,,,,
,,,,,,,,,
,,,,,,,,,
,,,,,,,,,
,,,,,,,,,
,,,,,,,,,
,,,,,,,,,
,,,,,,,,,
,,,,,,,,,
,,,,,,,,,
,,,,,,,,,
,,,,,,,,,
,,,,,,,,,
,,,,,,,,,
,,,,,,,,,
,,,,,,,,,
,,,,,,,,,
,,,,,,,,,
,,,,,,,,,
,,,,,,,,,
,,,,,,,,,
,,,,,,,,,
,,,,,,,,,
,,,,,,,,,
,,,,,,,,,
,,,,,,,,,
,,,,,,,,,
,,,,,,,,,
,,,,,,,,,
,,,,,,,,,
,,,,,,,,,
,,,,,,,,,
,,,,,,,,,
,,,,,,,,,
,,,,,,,,,
,,,,,,,,,
,,,,,,,,,
,,,,,,,,,
,,,,,,,,,
,,,,,,,,,
,,,,,,,,,
,,,,,,,,,
,,,,,,,,,
,,,,,,,,,
,,,,,,,,,
,,,,,,,,,
,,,,,,,,,
,,,,,,,,,
,,,,,,,,,
,,,,,,,,,
,,,,,,,,,
,,,,,,,,,
,,,,,,,,,
,,,,,,,,,
,,,,,,,,,
,,,,,,,,,
,,,,,,,,,
,,,,,,,,,
,,,,,,,,,
,,,,,,,,,
,,,,,,,,,
,,,,,,,,,
,,,,,,,,,
,,,,,,,,,
,,,,,,,,,
,,,,,,,,,
,,,,,,,,,
,,,,,,,,,
,,,,,,,,,
,,,,,,,,,
,,,,,,,,,
,,,,,,,,,
,,,,,,,,,
,,,,,,,,,
,,,,,,,,,
,,,,,,,,,
,,,,,,,,,
,,,,,,,,,
,,,,,,,,,
,,,,,,,,,
,,,,,,,,,
,,,,,,,,,
,,,,,,,,,
,,,,,,,,,
,,,,,,,,,
,,,,,,,,,
,,,,,,,,,
,,,,,,,,,
,,,,,,,,,
,,,,,,,,,
,,,,,,,,,
,,,,,,,,,
,,,,,,,,,
,,,,,,,,,
,,,,,,,,,
,,,,,,,,,
,,,,,,,,,
,,,,,,,,,
,,,,,,,,,
,,,,,,,,,
,,,,,,,,,
,,,,,,,,,
,,,,,,,,,
,,,,,,,,,
,,,,,,,,,
,,,,,,,,,
,,,,,,,,,
,,,,,,,,,
,,,,,,,,,
,,,,,,,,,
,,,,,,,,,
,,,,,,,,,
,,,,,,,,,
,,,,,,,,,
,,,,,,,,,
,,,,,,,,,
,,,,,,,,,
,,,,,,,,,
,,,,,,,,,
,,,,,,,,,
,,,,,,,,,
,,,,,,,,,
,,,,,,,,,
,,,,,,,,,
,,,,,,,,,
,,,,,,,,,
,,,,,,,,,
,,,,,,,,,
,,,,,,,,,
,,,,,,,,,
,,,,,,,,,
,,,,,,,,,
,,,,,,,,,
,,,,,,,,,
,,,,,,,,,
,,,,,,,,,
,,,,,,,,,
,,,,,,,,,
,,,,,,,,,
,,,,,,,,,
,,,,,,,,,
,,,,,,,,,
,,,,,,,,,
,,,,,,,,,
,,,,,,,,,
,,,,,,,,,
,,,,,,,,,
,,,,,,,,,
,,,,,,,,,
,,,,,,,,,
,,,,,,,,,
,,,,,,,,,
,,,,,,,,,
,,,,,,,,,
,,,,,,,,,
,,,,,,,,,
,,,,,,,,,
,,,,,,,,,
,,,,,,,,,
,,,,,,,,,
,,,,,,,,,
,,,,,,,,,
,,,,,,,,,
,,,,,,,,,
,,,,,,,,,
,,,,,,,,,
,,,,,,,,,
,,,,,,,,,
,,,,,,,,,
,,,,,,,,,
,,,,,,,,,
,,,,,,,,,
,,,,,,,,,
,,,,,,,,,
,,,,,,,,,
,,,,,,,,,
,,,,,,,,,
,,,,,,,,,
,,,,,,,,,
,,,,,,,,,
,,,,,,,,,
,,,,,,,,,
,,,,,,,,,
,,,,,,,,,
,,,,,,,,,
,,,,,,,,,
,,,,,,,,,
,,,,,,,,,
,,,,,,,,,
,,,,,,,,,
,,,,,,,,,
,,,,,,,,,
,,,,,,,,,
,,,,,,,,,
,,,,,,,,,
,,,,,,,,,
,,,,,,,,,
,,,,,,,,,
,,,,,,,,,
,,,,,,,,,
,,,,,,,,,
,,,,,,,,,
,,,,,,,,,
,,,,,,,,,
,,,,,,,,,
,,,,,,,,,
,,,,,,,,,
,,,,,,,,,
,,,,,,,,,
,,,,,,,,,
,,,,,,,,,
,,,,,,,,,
,,,,,,,,,
,,,,,,,,,
,,,,,,,,,
,,,,,,,,,
,,,,,,,,,
,,,,,,,,,
,,,,,,,,,
,,,,,,,,,
,,,,,,,,,
,,,,,,,,,
,,,,,,,,,
,,,,,,,,,
,,,,,,,,,
,,,,,,,,,
,,,,,,,,,
,,,,,,,,,
,,,,,,,,,
,,,,,,,,,
,,,,,,,,,
,,,,,,,,,
,,,,,,,,,
,,,,,,,,,
,,,,,,,,,
,,,,,,,,,
,,,,,,,,,
,,,,,,,,,
,,,,,,,,,
,,,,,,,,,
,,,,,,,,,
,,,,,,,,,
,,,,,,,,,
,,,,,,,,,
,,,,,,,,,
,,,,,,,,,
,,,,,,,,,
,,,,,,,,,
,,,,,,,,,
,,,,,,,,,
,,,,,,,,,
,,,,,,,,,
,,,,,,,,,
,,,,,,,,,
,,,,,,,,,
,,,,,,,,,
,,,,,,,,,
,,,,,,,,,
,,,,,,,,,
,,,,,,,,,
,,,,,,,,,
,,,,,,,,,
,,,,,,,,,
,,,,,,,,,
,,,,,,,,,
,,,,,,,,,
,,,,,,,,,
,,,,,,,,,
,,,,,,,,,
,,,,,,,,,
,,,,,,,,,
,,,,,,,,,
,,,,,,,,,
,,,,,,,,,
,,,,,,,,,
,,,,,,,,,
,,,,,,,,,
,,,,,,,,,
,,,,,,,,,
,,,,,,,,,
,,,,,,,,,
,,,,,,,,,
,,,,,,,,,
,,,,,,,,,
,,,,,,,,,
,,,,,,,,,
,,,,,,,,,
,,,,,,,,,
,,,,,,,,,
,,,,,,,,,
,,,,,,,,,
,,,,,,,,,
,,,,,,,,,
,,,,,,,,,
,,,,,,,,,
,,,,,,,,,
,,,,,,,,,
,,,,,,,,,
,,,,,,,,,
,,,,,,,,,
,,,,,,,,,
,,,,,,,,,
,,,,,,,,,
,,,,,,,,,
,,,,,,,,,
,,,,,,,,,
,,,,,,,,,
,,,,,,,,,
,,,,,,,,,
,,,,,,,,,
,,,,,,,,,
,,,,,,,,,
,,,,,,,,,
,,,,,,,,,
,,,,,,,,,
,,,,,,,,,
,,,,,,,,,
,,,,,,,,,
,,,,,,,,,
,,,,,,,,,
,,,,,,,,,
,,,,,,,,,
,,,,,,,,,
,,,,,,,,,
,,,,,,,,,
,,,,,,,,,
,,,,,,,,,
,,,,,,,,,
,,,,,,,,,
,,,,,,,,,
,,,,,,,,,
,,,,,,,,,
,,,,,,,,,
,,,,,,,,,
,,,,,,,,,
,,,,,,,,,
,,,,,,,,,
,,,,,,,,,
,,,,,,,,,
,,,,,,,,,
,,,,,,,,,
,,,,,,,,,
,,,,,,,,,
,,,,,,,,,
,,,,,,,,,
,,,,,,,,,
,,,,,,,,,
,,,,,,,,,
,,,,,,,,,
,,,,,,,,,
,,,,,,,,,
,,,,,,,,,
,,,,,,,,,
,,,,,,,,,
,,,,,,,,,
,,,,,,,,,
,,,,,,,,,
,,,,,,,,,
,,,,,,,,,
,,,,,,,,,
,,,,,,,,,
,,,,,,,,,
,,,,,,,,,
,,,,,,,,,
,,,,,,,,,
,,,,,,,,,
,,,,,,,,,
,,,,,,,,,
,,,,,,,,,
,,,,,,,,,
,,,,,,,,,
,,,,,,,,,
,,,,,,,,,
,,,,,,,,,
,,,,,,,,,
,,,,,,,,,
,,,,,,,,,
,,,,,,,,,
,,,,,,,,,
,,,,,,,,,
,,,,,,,,,
,,,,,,,,,
,,,,,,,,,
,,,,,,,,,
,,,,,,,,,
,,,,,,,,,
,,,,,,,,,
,,,,,,,,,
,,,,,,,,,
,,,,,,,,,
,,,,,,,,,
,,,,,,,,,
,,,,,,,,,
,,,,,,,,,
,,,,,,,,,
,,,,,,,,,
,,,,,,,,,
,,,,,,,,,
,,,,,,,,,
,,,,,,,,,
,,,,,,,,,
,,,,,,,,,
,,,,,,,,,
,,,,,,,,,
,,,,,,,,,
,,,,,,,,,
,,,,,,,,,
,,,,,,,,,
,,,,,,,,,
,,,,,,,,,
,,,,,,,,,
,,,,,,,,,
,,,,,,,,,
,,,,,,,,,
,,,,,,,,,
,,,,,,,,,
,,,,,,,,,
,,,,,,,,,
,,,,,,,,,
,,,,,,,,,
,,,,,,,,,
,,,,,,,,,
,,,,,,,,,
,,,,,,,,,
,,,,,,,,,
,,,,,,,,,
,,,,,,,,,
,,,,,,,,,
,,,,,,,,,
,,,,,,,,,
,,,,,,,,,
,,,,,,,,,
,,,,,,,,,
,,,,,,,,,
,,,,,,,,,
,,,,,,,,,
,,,,,,,,,
,,,,,,,,,
,,,,,,,,,
,,,,,,,,,
,,,,,,,,,
,,,,,,,,,
,,,,,,,,,
,,,,,,,,,
,,,,,,,,,
,,,,,,,,,
,,,,,,,,,
,,,,,,,,,
,,,,,,,,,
,,,,,,,,,
,,,,,,,,,
,,,,,,,,,
,,,,,,,,,
,,,,,,,,,
,,,,,,,,,
,,,,,,,,,
,,,,,,,,,
,,,,,,,,,
,,,,,,,,,
,,,,,,,,,
,,,,,,,,,
,,,,,,,,,
,,,,,,,,,
,,,,,,,,,
,,,,,,,,,
,,,,,,,,,
,,,,,,,,,
,,,,,,,,,
,,,,,,,,,
,,,,,,,,,
,,,,,,,,,
,,,,,,,,,
,,,,,,,,,
,,,,,,,,,
,,,,,,,,,
,,,,,,,,,
,,,,,,,,,
,,,,,,,,,
,,,,,,,,,
,,,,,,,,,
,,,,,,,,,
,,,,,,,,,
,,,,,,,,,
,,,,,,,,,
,,,,,,,,,
,,,,,,,,,
,,,,,,,,,
,,,,,,,,,
,,,,,,,,,
,,,,,,,,,
,,,,,,,,,
,,,,,,,,,
,,,,,,,,,
,,,,,,,,,
,,,,,,,,,
,,,,,,,,,
,,,,,,,,,
,,,,,,,,,
,,,,,,,,,
,,,,,,,,,
,,,,,,,,,
,,,,,,,,,
,,,,,,,,,
,,,,,,,,,
,,,,,,,,,
,,,,,,,,,
,,,,,,,,,
,,,,,,,,,
,,,,,,,,,
,,,,,,,,,
,,,,,,,,,
,,,,,,,,,
,,,,,,,,,
,,,,,,,,,
,,,,,,,,,
,,,,,,,,,
,,,,,,,,,
,,,,,,,,,
,,,,,,,,,
,,,,,,,,,
,,,,,,,,,
,,,,,,,,,
,,,,,,,,,
,,,,,,,,,
,,,,,,,,,
,,,,,,,,,
,,,,,,,,,
,,,,,,,,,
,,,,,,,,,
,,,,,,,,,
,,,,,,,,,
,,,,,,,,,
,,,,,,,,,
,,,,,,,,,
,,,,,,,,,
,,,,,,,,,
,,,,,,,,,
,,,,,,,,,
,,,,,,,,,
,,,,,,,,,
,,,,,,,,,
,,,,,,,,,
,,,,,,,,,
,,,,,,,,,
,,,,,,,,,
,,,,,,,,,
,,,,,,,,,
,,,,,,,,,
,,,,,,,,,
,,,,,,,,,
,,,,,,,,,
,,,,,,,,,
,,,,,,,,,
,,,,,,,,,
,,,,,,,,,
,,,,,,,,,
,,,,,,,,,
,,,,,,,,,
,,,,,,,,,
,,,,,,,,,
,,,,,,,,,
,,,,,,,,,
,,,,,,,,,
,,,,,,,,,
,,,,,,,,,
,,,,,,,,,
,,,,,,,,,
,,,,,,,,,
,,,,,,,,,
,,,,,,,,,
,,,,,,,,,
,,,,,,,,,
,,,,,,,,,
,,,,,,,,,
,,,,,,,,,
,,,,,,,,,
,,,,,,,,,
,,,,,,,,,
,,,,,,,,,
,,,,,,,,,
,,,,,,,,,
,,,,,,,,,
,,,,,,,,,
,,,,,,,,,
,,,,,,,,,
,,,,,,,,,
,,,,,,,,,
,,,,,,,,,
,,,,,,,,,
,,,,,,,,,
,,,,,,,,,
,,,,,,,,,
,,,,,,,,,
,,,,,,,,,
,,,,,,,,,
,,,,,,,,,
,,,,,,,,,
,,,,,,,,,
,,,,,,,,,
,,,,,,,,,
,,,,,,,,,
,,,,,,,,,
,,,,,,,,,
,,,,,,,,,
,,,,,,,,,
,,,,,,,,,
,,,,,,,,,
,,,,,,,,,
,,,,,,,,,
,,,,,,,,,
,,,,,,,,,
,,,,,,,,,
,,,,,,,,,
,,,,,,,,,
,,,,,,,,,
,,,,,,,,,
,,,,,,,,,
,,,,,,,,,
,,,,,,,,,
,,,,,,,,,
,,,,,,,,,
,,,,,,,,,
,,,,,,,,,
,,,,,,,,,
,,,,,,,,,
,,,,,,,,,
,,,,,,,,,
,,,,,,,,,
,,,,,,,,,
,,,,,,,,,
,,,,,,,,,
